sample_id,final_label
809,0
1032,0
1946,0
2116,1
2397,1
2616,0
3241,1
5007,1
5758,0
5780,0
6798,0
7223,1
7719,0
7852,1
8443,0
8912,0
8915,1
9267,0
9531,1
11062,1
11075,0
11184,1
11221,0
11961,0
12452,1
12472,1
12549,1
12875,1
13323,0
13742,0
13900,1
13944,1
14027,1
14510,1
15052,0
15158,0
15205,1
15425,0
15536,1
15741,1
15993,0
16694,1
16965,0
17070,0
17674,1
18034,0
18086,0
18335,0
18390,1
18532,0
18662,0
19418,0
20718,0
21186,0
21554,0
21829,1
22040,1
22538,1
22885,0
23142,0
23346,0
23415,0
23683,1
23703,0
24500,1
24829,1
24940,0
25223,1
25272,1
26288,0
26576,0
26705,0
26839,0
28069,0
28086,0
28399,1
28648,1
28682,0
31889,1
32525,0
32847,1
33309,0
33654,0
33990,0
34292,1
34534,1
34757,0
34846,1
34854,0
35146,1
35185,1
35539,0
35847,1
36010,1
36041,1
36302,0
36438,0
36464,0
36506,1
37370,1
37439,1
37493,1
37890,0
38249,0
38605,0
38851,1
39056,0
39232,1
39701,0
40535,0
40677,1
41108,0
41339,1
41804,1
42892,0
43201,1
43958,0
44279,1
44697,0
44717,0
45766,0
46052,1
46059,1
46094,1
46258,0
46293,1
46558,1
47092,1
48129,1
48434,0
48575,0
48931,1
48939,1
48961,0
48993,0
49148,0
49220,1
49656,0
50397,0
50432,0
50762,1
51121,1
51416,0
51490,1
51569,0
51660,0
52806,0
52830,1
53083,0
53193,0
53963,1
54213,0
54466,1
54663,1
54707,0
54810,0
54814,0
54834,0
54867,1
54964,1
55721,1
55829,0
55957,0
55996,0
56010,0
56356,0
56424,1
56457,0
56535,1
56868,0
56881,0
57475,0
57616,1
57765,0
58971,0
59111,0
59730,1
59731,0
59860,1
59924,1
59995,0
60149,0
60861,0
61569,0
62371,1
62946,1
63347,1
63434,0
63521,1
63632,0
63695,0
63713,0
64382,0
64456,0
64764,0
64831,0
65952,1
66564,0
67401,0
67429,0
67444,1
68408,0
68414,1
68552,1
68993,0
69172,1
69341,1
69575,0
70016,1
70075,1
70126,1
70394,1
70562,0
71128,1
71185,1
71570,0
71979,1
73135,1
73366,0
73368,1
73537,1
74137,0
74585,0
74840,0
74971,0
75568,0
76991,0
77063,1
77321,0
77398,1
77527,0
77557,1
79502,1
80261,1
80524,0
80563,0
80788,1
80893,1
80997,0
81253,0
81555,0
81564,0
82096,0
82297,0
82303,0
83098,1
83213,0
83473,0
83531,0
83545,0
83869,1
83987,0
84316,0
84563,0
85008,0
85394,0
86205,1
86270,0
86359,1
86516,1
86578,0
86655,1
87102,1
87581,1
87899,0
88137,0
88272,1
88524,1
88557,1
88580,0
88590,0
88791,0
89371,1
89385,1
89731,0
90460,0
91113,1
91115,0
91690,1
91888,1
92767,1
93065,1
93982,0
94281,1
94299,0
94880,0
94996,1
95473,1
96009,1
96394,0
97395,0
99379,0
99729,0
100043,0
100321,1
100730,0
101658,0
101954,0
102586,1
103054,1
103146,0
103650,0
104072,0
105196,0
105548,0
105745,0
106318,1
106714,1
106856,0
107186,1
107342,1
107549,0
107702,0
107769,1
107935,1
107968,1
108066,1
108162,0
108237,0
108796,1
108901,1
108954,1
108981,0
109163,0
109509,0
109540,1
110017,0
110125,1
110151,1
110516,1
110564,1
110601,1
110654,1
110684,0
110731,1
110756,1
110837,0
111035,0
111701,1
111889,0
111919,0
112623,0
112732,0
113984,1
114092,1
114294,0
114475,1
114641,0
114986,1
115012,0
115318,1
116227,0
116528,1
116592,0
117343,1
117364,0
117390,0
117799,0
117894,1
118148,0
118521,1
119059,1
119288,0
119423,0
119853,1
119974,1
120441,0
120549,1
120804,1
120847,0
120853,1
120906,1
120966,0
122340,0
122739,0
122794,1
123055,0
123221,1
124355,0
124572,1
124694,0
125204,1
125589,1
125722,1
125794,1
125827,1
125929,1
126241,0
126422,1
126989,0
128397,0
129390,0
129823,1
131050,0
131144,0
131267,1
131397,0
132446,0
132522,1
132643,0
132667,0
133101,0
133344,1
133460,1
133634,0
133977,0
134240,0
134254,1
134365,0
134463,0
134628,0
134676,1
134701,1
134782,1
135457,0
135638,1
135766,0
136357,1
136472,0
137343,0
137711,0
137995,1
138042,1
138919,1
139906,1
140137,1
140175,1
140309,0
140314,1
140344,1
141653,0
141698,0
141986,1
142006,1
142053,1
142068,0
142439,0
142626,0
142830,1
143531,0
143580,1
143963,1
144290,0
144431,1
144771,1
144809,0
145356,0
145455,0
145646,1
145689,0
146063,1
146230,1
146442,1
146684,1
146790,0
146812,0
146825,1
147238,0
147495,1
148953,0
149157,0
150066,1
150201,0
150675,1
150680,0
150776,1
151219,0
151585,0
151750,0
151999,0
152142,0
153604,0
153923,0
154110,1
154451,0
155044,0
155173,0
155315,1
155486,1
155506,1
156293,0
156476,1
156532,1
156647,0
156980,1
156991,0
157668,0
157869,0
158095,0
158160,0
158354,0
158538,1
158782,1
158872,0
159173,0
159871,0
160222,0
160299,0
160482,1
160535,1
